{
  "ExtendedData": {
    "inputs": [
      "https://hcv491msqltdm01.ngds.state.mi.us/ReportServer/ReportService2010.asmx"
    ],
    "collectionTypes": [
      "System.Array",
      "System.Collections.Generic.Dictionary`2"
    ],
    "namespaceMappings": [
      "*, ssrsReportService"
    ],
    "references": [
      "Azure.Core, {Azure.Core, 1.25.0}",
      "Azure.Identity, {Azure.Identity, 1.7.0}",
      "Elmah, {elmah.corelibrary, 1.2.2}",
      "Microsoft.AspNetCore.Authentication.JwtBearer, {Microsoft.AspNetCore.Authentication.JwtBearer, 7.0.20}",
      "Microsoft.AspNetCore.Authentication.OpenIdConnect, {Microsoft.AspNetCore.Authentication.OpenIdConnect, 7.0.20}",
      "Microsoft.AspNetCore.Cryptography.Internal, {Microsoft.AspNetCore.Cryptography.Internal, 7.0.17}",
      "Microsoft.AspNetCore.Cryptography.KeyDerivation, {Microsoft.AspNetCore.Cryptography.KeyDerivation, 7.0.17}",
      "Microsoft.AspNetCore.Identity.EntityFrameworkCore, {Microsoft.AspNetCore.Identity.EntityFrameworkCore, 7.0.17}",
      "Microsoft.AspNetCore.OpenApi, {Microsoft.AspNetCore.OpenApi, 7.0.12}",
      "Microsoft.Bcl.AsyncInterfaces, {Microsoft.Bcl.AsyncInterfaces, 1.1.1}",
      "Microsoft.Data.SqlClient, {Microsoft.Data.SqlClient, 5.1.1}",
      "Microsoft.EntityFrameworkCore, {Microsoft.EntityFrameworkCore, 7.0.17}",
      "Microsoft.EntityFrameworkCore.Abstractions, {Microsoft.EntityFrameworkCore.Abstractions, 7.0.17}",
      "Microsoft.EntityFrameworkCore.Relational, {Microsoft.EntityFrameworkCore.Relational, 7.0.17}",
      "Microsoft.EntityFrameworkCore.SqlServer, {Microsoft.EntityFrameworkCore.SqlServer, 7.0.12}",
      "Microsoft.Extensions.Caching.Abstractions, {Microsoft.Extensions.Caching.Abstractions, 7.0.0}",
      "Microsoft.Extensions.Caching.Memory, {Microsoft.Extensions.Caching.Memory, 7.0.0}",
      "Microsoft.Extensions.Configuration.Abstractions, {Microsoft.Extensions.Configuration.Abstractions, 8.0.0}",
      "Microsoft.Extensions.DependencyInjection, {Microsoft.Extensions.DependencyInjection, 8.0.0}",
      "Microsoft.Extensions.DependencyInjection.Abstractions, {Microsoft.Extensions.DependencyInjection.Abstractions, 8.0.0}",
      "Microsoft.Extensions.Http, {Microsoft.Extensions.Http, 8.0.0}",
      "Microsoft.Extensions.Identity.Core, {Microsoft.Extensions.Identity.Core, 7.0.17}",
      "Microsoft.Extensions.Identity.Stores, {Microsoft.Extensions.Identity.Stores, 7.0.17}",
      "Microsoft.Extensions.Logging, {Microsoft.Extensions.Logging, 8.0.0}",
      "Microsoft.Extensions.Logging.Abstractions, {Microsoft.Extensions.Logging.Abstractions, 8.0.0}",
      "Microsoft.Extensions.ObjectPool, {Microsoft.Extensions.ObjectPool, 6.0.16}",
      "Microsoft.Extensions.Options, {Microsoft.Extensions.Options, 8.0.0}",
      "Microsoft.Extensions.Primitives, {Microsoft.Extensions.Primitives, 8.0.0}",
      "Microsoft.Identity.Client, {Microsoft.Identity.Client, 4.47.2}",
      "Microsoft.Identity.Client.Extensions.Msal, {Microsoft.Identity.Client.Extensions.Msal, 2.19.3}",
      "Microsoft.IdentityModel.Abstractions, {Microsoft.IdentityModel.Abstractions, 7.4.0}",
      "Microsoft.IdentityModel.JsonWebTokens, {Microsoft.IdentityModel.JsonWebTokens, 7.4.0}",
      "Microsoft.IdentityModel.Logging, {Microsoft.IdentityModel.Logging, 7.4.0}",
      "Microsoft.IdentityModel.Protocols, {Microsoft.IdentityModel.Protocols, 6.35.0}",
      "Microsoft.IdentityModel.Protocols.OpenIdConnect, {Microsoft.IdentityModel.Protocols.OpenIdConnect, 6.35.0}",
      "Microsoft.IdentityModel.Protocols.WsTrust, {Microsoft.IdentityModel.Protocols.WsTrust, 6.8.0}",
      "Microsoft.IdentityModel.Tokens, {Microsoft.IdentityModel.Tokens, 7.4.0}",
      "Microsoft.IdentityModel.Tokens.Saml, {Microsoft.IdentityModel.Tokens.Saml, 6.8.0}",
      "Microsoft.IdentityModel.Xml, {Microsoft.IdentityModel.Xml, 6.8.0}",
      "Microsoft.OpenApi, {Microsoft.OpenApi, 1.4.3}",
      "Microsoft.SqlServer.Server, {Microsoft.SqlServer.Server, 1.0.0}",
      "Newtonsoft.Json, {Newtonsoft.Json, 13.0.1}",
      "Newtonsoft.Json.Bson, {Newtonsoft.Json.Bson, 1.0.2}",
      "Swashbuckle.AspNetCore.Swagger, {Swashbuckle.AspNetCore.Swagger, 6.5.0}",
      "Swashbuckle.AspNetCore.SwaggerGen, {Swashbuckle.AspNetCore.SwaggerGen, 6.5.0}",
      "Swashbuckle.AspNetCore.SwaggerUI, {Swashbuckle.AspNetCore.SwaggerUI, 6.5.0}",
      "System.Diagnostics.DiagnosticSource, {System.Diagnostics.DiagnosticSource, 6.0.0}",
      "System.Formats.Asn1, {System.Formats.Asn1, 6.0.0}",
      "System.IdentityModel.Tokens.Jwt, {System.IdentityModel.Tokens.Jwt, 7.4.0}",
      "System.IO, {System.IO, 4.3.0}",
      "System.Memory.Data, {System.Memory.Data, 1.0.2}",
      "System.Net.Http.Formatting, {Microsoft.AspNet.WebApi.Client, 6.0.0}",
      "System.Reflection.DispatchProxy, {System.Reflection.DispatchProxy, 4.7.1}",
      "System.Runtime, {System.Runtime, 4.3.0}",
      "System.Runtime.CompilerServices.Unsafe, {System.Runtime.CompilerServices.Unsafe, 6.0.0}",
      "System.Security.AccessControl, {System.Security.AccessControl, 6.0.0}",
      "System.Security.Cryptography.Cng, {System.Security.Cryptography.Cng, 5.0.0}",
      "System.Security.Cryptography.Pkcs, {System.Security.Cryptography.Pkcs, 6.0.1}",
      "System.Security.Cryptography.ProtectedData, {System.Security.Cryptography.ProtectedData, 6.0.0}",
      "System.Security.Cryptography.Xml, {System.Security.Cryptography.Xml, 6.0.1}",
      "System.Security.Principal.Windows, {System.Security.Principal.Windows, 5.0.0}",
      "System.ServiceModel.Duplex, {System.ServiceModel.Duplex, 6.0.0}",
      "System.ServiceModel.Federation, {System.ServiceModel.Federation, 6.0.0}",
      "System.ServiceModel.Http, {System.ServiceModel.Http, 6.0.0}",
      "System.ServiceModel.NetFramingBase, {System.ServiceModel.NetFramingBase, 6.0.0}",
      "System.ServiceModel.NetTcp, {System.ServiceModel.NetTcp, 6.0.0}",
      "System.ServiceModel.Primitives, {System.ServiceModel.Primitives, 6.0.0}",
      "System.ServiceModel.Security, {System.ServiceModel.Security, 6.0.0}",
      "System.Text.Encoding, {System.Text.Encoding, 4.3.0}",
      "System.Text.Encodings.Web, {System.Text.Encodings.Web, 7.0.0}",
      "System.Text.Json, {System.Text.Json, 7.0.0}",
      "System.Threading.Tasks, {System.Threading.Tasks, 4.3.0}",
      "System.Xml.ReaderWriter, {System.Xml.ReaderWriter, 4.3.0}",
      "System.Xml.XmlDocument, {System.Xml.XmlDocument, 4.3.0}"
    ],
    "targetFramework": "net7.0",
    "typeReuseMode": "All"
  }
}